<?xml version="1.0" encoding="UTF-8"?>
<GenRun Id="synth_1" LaunchPart="xc7a35tcpg236-1" LaunchTime="1600443595">
  <File Type="PA-TCL" Name="Receiver_RxD.tcl"/>
  <File Type="RDS-PROPCONSTRS" Name="Receiver_RxD_drc_synth.rpt"/>
  <File Type="REPORTS-TCL" Name="Receiver_RxD_reports.tcl"/>
  <File Type="RDS-RDS" Name="Receiver_RxD.vds"/>
  <File Type="RDS-UTIL" Name="Receiver_RxD_utilization_synth.rpt"/>
  <File Type="RDS-UTIL-PB" Name="Receiver_RxD_utilization_synth.pb"/>
  <File Type="RDS-DCP" Name="Receiver_RxD.dcp"/>
  <File Type="VDS-TIMINGSUMMARY" Name="Receiver_RxD_timing_summary_synth.rpt"/>
  <File Type="VDS-TIMING-PB" Name="Receiver_RxD_timing_summary_synth.pb"/>
  <FileSet Name="sources" Type="DesignSrcs" RelSrcDir="$PSRCDIR/sources_1">
    <Filter Type="Srcs"/>
    <File Path="$PSRCDIR/sources_1/imports/Basys_3_UART/receiver.v">
      <FileInfo>
        <Attr Name="ImportPath" Val="$PPRDIR/../../../../../../../Basys_3_UART/Basys_3_UART.srcs/sources_1/imports/Basys_3_UART/receiver.v"/>
        <Attr Name="ImportTime" Val="1437020130"/>
        <Attr Name="UsedIn" Val="synthesis"/>
        <Attr Name="UsedIn" Val="implementation"/>
        <Attr Name="UsedIn" Val="simulation"/>
      </FileInfo>
    </File>
    <Config>
      <Option Name="DesignMode" Val="RTL"/>
      <Option Name="TopModule" Val="Receiver_RxD"/>
      <Option Name="TopAutoSet" Val="TRUE"/>
    </Config>
  </FileSet>
  <FileSet Name="constrs_in" Type="Constrs" RelSrcDir="$PSRCDIR/constrs_1">
    <Filter Type="Constrs"/>
    <File Path="$PSRCDIR/constrs_1/imports/UART serial communication/Basys3_Master.xdc">
      <FileInfo>
        <Attr Name="ImportPath" Val="$PPRDIR/../UART serial communication/Basys3_Master.xdc"/>
        <Attr Name="ImportTime" Val="1483079310"/>
        <Attr Name="UsedIn" Val="synthesis"/>
        <Attr Name="UsedIn" Val="implementation"/>
      </FileInfo>
    </File>
    <Config>
      <Option Name="ConstrsType" Val="XDC"/>
    </Config>
  </FileSet>
  <FileSet Name="utils" Type="Utils" RelSrcDir="$PSRCDIR/utils_1">
    <Filter Type="Utils"/>
    <Config>
      <Option Name="TopAutoSet" Val="TRUE"/>
    </Config>
  </FileSet>
  <Strategy Version="1" Minor="2">
    <StratHandle Name="Vivado Synthesis Defaults" Flow="Vivado Synthesis 2015"/>
    <Step Id="synth_design"/>
  </Strategy>
</GenRun>
