<?xml version="1.0" encoding="UTF-8"?>
<GenRun Id="impl_1" LaunchPart="xc7a35tcpg236-1" LaunchTime="1600443596">
  <File Type="BITSTR-BMM" Name="Receiver_RxD_bd.bmm"/>
  <File Type="OPT-METHODOLOGY-DRC" Name="Receiver_RxD_methodology_drc_opted.rpt"/>
  <File Type="INIT-TIMING" Name="Receiver_RxD_timing_summary_init.rpt"/>
  <File Type="ROUTE-PWR" Name="Receiver_RxD_power_routed.rpt"/>
  <File Type="PA-TCL" Name="Receiver_RxD.tcl"/>
  <File Type="OPT-TIMING" Name="Receiver_RxD_timing_summary_opted.rpt"/>
  <File Type="OPT-DCP" Name="Receiver_RxD_opt.dcp"/>
  <File Type="ROUTE-PWR-SUM" Name="Receiver_RxD_power_summary_routed.pb"/>
  <File Type="REPORTS-TCL" Name="Receiver_RxD_reports.tcl"/>
  <File Type="OPT-DRC" Name="Receiver_RxD_drc_opted.rpt"/>
  <File Type="OPT-HWDEF" Name="Receiver_RxD.hwdef"/>
  <File Type="PWROPT-DCP" Name="Receiver_RxD_pwropt.dcp"/>
  <File Type="PWROPT-DRC" Name="Receiver_RxD_drc_pwropted.rpt"/>
  <File Type="PWROPT-TIMING" Name="Receiver_RxD_timing_summary_pwropted.rpt"/>
  <File Type="PLACE-DCP" Name="Receiver_RxD_placed.dcp"/>
  <File Type="PLACE-IO" Name="Receiver_RxD_io_placed.rpt"/>
  <File Type="PLACE-CLK" Name="Receiver_RxD_clock_utilization_placed.rpt"/>
  <File Type="PLACE-UTIL" Name="Receiver_RxD_utilization_placed.rpt"/>
  <File Type="PLACE-UTIL-PB" Name="Receiver_RxD_utilization_placed.pb"/>
  <File Type="PLACE-CTRL" Name="Receiver_RxD_control_sets_placed.rpt"/>
  <File Type="PLACE-SIMILARITY" Name="Receiver_RxD_incremental_reuse_placed.rpt"/>
  <File Type="PLACE-PRE-SIMILARITY" Name="Receiver_RxD_incremental_reuse_pre_placed.rpt"/>
  <File Type="BG-BGN" Name="Receiver_RxD.bgn"/>
  <File Type="PLACE-TIMING" Name="Receiver_RxD_timing_summary_placed.rpt"/>
  <File Type="POSTPLACE-PWROPT-DCP" Name="Receiver_RxD_postplace_pwropt.dcp"/>
  <File Type="BG-BIN" Name="Receiver_RxD.bin"/>
  <File Type="POSTPLACE-PWROPT-TIMING" Name="Receiver_RxD_timing_summary_postplace_pwropted.rpt"/>
  <File Type="PHYSOPT-DCP" Name="Receiver_RxD_physopt.dcp"/>
  <File Type="PHYSOPT-DRC" Name="Receiver_RxD_drc_physopted.rpt"/>
  <File Type="BITSTR-MSK" Name="Receiver_RxD.msk"/>
  <File Type="PHYSOPT-TIMING" Name="Receiver_RxD_timing_summary_physopted.rpt"/>
  <File Type="ROUTE-ERROR-DCP" Name="Receiver_RxD_routed_error.dcp"/>
  <File Type="ROUTE-DCP" Name="Receiver_RxD_routed.dcp"/>
  <File Type="ROUTE-BLACKBOX-DCP" Name="Receiver_RxD_routed_bb.dcp"/>
  <File Type="ROUTE-DRC" Name="Receiver_RxD_drc_routed.rpt"/>
  <File Type="ROUTE-DRC-PB" Name="Receiver_RxD_drc_routed.pb"/>
  <File Type="BITSTR-LTX" Name="debug_nets.ltx"/>
  <File Type="BITSTR-LTX" Name="Receiver_RxD.ltx"/>
  <File Type="ROUTE-DRC-RPX" Name="Receiver_RxD_drc_routed.rpx"/>
  <File Type="BITSTR-MMI" Name="Receiver_RxD.mmi"/>
  <File Type="ROUTE-METHODOLOGY-DRC" Name="Receiver_RxD_methodology_drc_routed.rpt"/>
  <File Type="ROUTE-METHODOLOGY-DRC-RPX" Name="Receiver_RxD_methodology_drc_routed.rpx"/>
  <File Type="BITSTR-SYSDEF" Name="Receiver_RxD.sysdef"/>
  <File Type="ROUTE-METHODOLOGY-DRC-PB" Name="Receiver_RxD_methodology_drc_routed.pb"/>
  <File Type="ROUTE-PWR-RPX" Name="Receiver_RxD_power_routed.rpx"/>
  <File Type="ROUTE-STATUS" Name="Receiver_RxD_route_status.rpt"/>
  <File Type="ROUTE-STATUS-PB" Name="Receiver_RxD_route_status.pb"/>
  <File Type="ROUTE-TIMINGSUMMARY" Name="Receiver_RxD_timing_summary_routed.rpt"/>
  <File Type="ROUTE-TIMING-PB" Name="Receiver_RxD_timing_summary_routed.pb"/>
  <File Type="ROUTE-TIMING-RPX" Name="Receiver_RxD_timing_summary_routed.rpx"/>
  <File Type="ROUTE-SIMILARITY" Name="Receiver_RxD_incremental_reuse_routed.rpt"/>
  <File Type="ROUTE-CLK" Name="Receiver_RxD_clock_utilization_routed.rpt"/>
  <File Type="ROUTE-BUS-SKEW" Name="Receiver_RxD_bus_skew_routed.rpt"/>
  <File Type="ROUTE-BUS-SKEW-PB" Name="Receiver_RxD_bus_skew_routed.pb"/>
  <File Type="ROUTE-BUS-SKEW-RPX" Name="Receiver_RxD_bus_skew_routed.rpx"/>
  <File Type="POSTROUTE-PHYSOPT-DCP" Name="Receiver_RxD_postroute_physopt.dcp"/>
  <File Type="POSTROUTE-PHYSOPT-BLACKBOX-DCP" Name="Receiver_RxD_postroute_physopt_bb.dcp"/>
  <File Type="POSTROUTE-PHYSOPT-TIMING" Name="Receiver_RxD_timing_summary_postroute_physopted.rpt"/>
  <File Type="POSTROUTE-PHYSOPT-TIMING-PB" Name="Receiver_RxD_timing_summary_postroute_physopted.pb"/>
  <File Type="POSTROUTE-PHYSOPT-TIMING-RPX" Name="Receiver_RxD_timing_summary_postroute_physopted.rpx"/>
  <File Type="POSTROUTE-PHYSOPT-BUS-SKEW" Name="Receiver_RxD_bus_skew_postroute_physopted.rpt"/>
  <File Type="POSTROUTE-PHYSOPT-BUS-SKEW-PB" Name="Receiver_RxD_bus_skew_postroute_physopted.pb"/>
  <File Type="BG-BIT" Name="Receiver_RxD.bit"/>
  <File Type="POSTROUTE-PHYSOPT-BUS-SKEW-RPX" Name="Receiver_RxD_bus_skew_postroute_physopted.rpx"/>
  <File Type="BITSTR-RBT" Name="Receiver_RxD.rbt"/>
  <File Type="BITSTR-NKY" Name="Receiver_RxD.nky"/>
  <File Type="BG-DRC" Name="Receiver_RxD.drc"/>
  <File Type="RDI-RDI" Name="Receiver_RxD.vdi"/>
  <File Type="WBT-USG" Name="usage_statistics_webtalk.html"/>
  <FileSet Name="sources" Type="DesignSrcs" RelSrcDir="$PSRCDIR/sources_1">
    <Filter Type="Srcs"/>
    <File Path="$PSRCDIR/sources_1/imports/Basys_3_UART/receiver.v">
      <FileInfo>
        <Attr Name="ImportPath" Val="$PPRDIR/../../../../../../../Basys_3_UART/Basys_3_UART.srcs/sources_1/imports/Basys_3_UART/receiver.v"/>
        <Attr Name="ImportTime" Val="1437020130"/>
        <Attr Name="UsedIn" Val="synthesis"/>
        <Attr Name="UsedIn" Val="implementation"/>
        <Attr Name="UsedIn" Val="simulation"/>
      </FileInfo>
    </File>
    <Config>
      <Option Name="DesignMode" Val="RTL"/>
      <Option Name="TopModule" Val="Receiver_RxD"/>
      <Option Name="TopAutoSet" Val="TRUE"/>
    </Config>
  </FileSet>
  <FileSet Name="constrs_in" Type="Constrs" RelSrcDir="$PSRCDIR/constrs_1">
    <Filter Type="Constrs"/>
    <File Path="$PSRCDIR/constrs_1/imports/UART serial communication/Basys3_Master.xdc">
      <FileInfo>
        <Attr Name="ImportPath" Val="$PPRDIR/../UART serial communication/Basys3_Master.xdc"/>
        <Attr Name="ImportTime" Val="1483079310"/>
        <Attr Name="UsedIn" Val="synthesis"/>
        <Attr Name="UsedIn" Val="implementation"/>
      </FileInfo>
    </File>
    <Config>
      <Option Name="ConstrsType" Val="XDC"/>
    </Config>
  </FileSet>
  <FileSet Name="utils" Type="Utils" RelSrcDir="$PSRCDIR/utils_1">
    <Filter Type="Utils"/>
    <Config>
      <Option Name="TopAutoSet" Val="TRUE"/>
    </Config>
  </FileSet>
  <Strategy Version="1" Minor="2">
    <StratHandle Name="Vivado Implementation Defaults" Flow="Vivado Implementation 2015"/>
    <Step Id="init_design"/>
    <Step Id="opt_design"/>
    <Step Id="power_opt_design"/>
    <Step Id="place_design"/>
    <Step Id="post_place_power_opt_design"/>
    <Step Id="phys_opt_design"/>
    <Step Id="route_design"/>
    <Step Id="post_route_phys_opt_design"/>
    <Step Id="write_bitstream"/>
  </Strategy>
</GenRun>
