<?xml version="1.0" encoding="UTF-8"?>
<GenRun Id="impl_1" LaunchPart="xc7a35tcpg236-1" LaunchTime="1566264924">
  <File Type="OPT-DCP" Name="Top_Module_opt.dcp"/>
  <File Type="RUN-CONSTRS" Name="$PDATADIR/runs/impl_1/constrs_in.xml"/>
  <File Type="RUN-SRCS" Name="$PDATADIR/runs/impl_1/sources.xml"/>
  <File Type="PWROPT-DCP" Name="Top_Module_pwropt.dcp"/>
  <File Type="ROUTE-DCP" Name="Top_Module_routed.dcp"/>
  <File Type="PA-TCL" Name="Top_Module.tcl"/>
  <File Type="RUN-STRAT" Name="$PDATADIR/runs/impl_1/impl_1.psg"/>
  <File Type="OPT-DRC" Name="Top_Module_drc_opted.rpt"/>
  <File Type="PWROPT-DRC" Name="Top_Module_drc_pwropted.rpt"/>
  <File Type="OPT-HWDEF" Name="Top_Module.hwdef"/>
  <File Type="PLACE-DCP" Name="Top_Module_placed.dcp"/>
  <File Type="PLACE-IO" Name="Top_Module_io_placed.rpt"/>
  <File Type="PLACE-CLK" Name="Top_Module_clock_utilization_placed.rpt"/>
  <File Type="PLACE-UTIL" Name="Top_Module_utilization_placed.rpt"/>
  <File Type="PLACE-UTIL-PB" Name="Top_Module_utilization_placed.pb"/>
  <File Type="PLACE-CTRL" Name="Top_Module_control_sets_placed.rpt"/>
  <File Type="PLACE-SIMILARITY" Name="Top_Module_incremental_reuse_placed.rpt"/>
  <File Type="PLACE-PRE-SIMILARITY" Name="Top_Module_incremental_reuse_pre_placed.rpt"/>
  <File Type="POSTPLACE-PWROPT-DCP" Name="Top_Module_postplace_pwropt.dcp"/>
  <File Type="PHYSOPT-DCP" Name="Top_Module_physopt.dcp"/>
  <File Type="RDI-RDI" Name="Top_Module.vdi"/>
  <File Type="PHYSOPT-DRC" Name="Top_Module_drc_physopted.rpt"/>
  <File Type="ROUTE-DRC" Name="Top_Module_drc_routed.rpt"/>
  <File Type="ROUTE-DRC-PB" Name="Top_Module_drc_routed.pb"/>
  <File Type="ROUTE-PWR" Name="Top_Module_power_routed.rpt"/>
  <File Type="ROUTE-PWR-SUM" Name="Top_Module_power_summary_routed.pb"/>
  <File Type="ROUTE-STATUS" Name="Top_Module_route_status.rpt"/>
  <File Type="ROUTE-STATUS-PB" Name="Top_Module_route_status.pb"/>
  <File Type="ROUTE-TIMINGSUMMARY" Name="Top_Module_timing_summary_routed.rpt"/>
  <File Type="ROUTE-TIMING-PB" Name="Top_Module_timing_summary_routed.pb"/>
  <File Type="ROUTE-TIMING-RPX" Name="Top_Module_timing_summary_routed.rpx"/>
  <File Type="ROUTE-SIMILARITY" Name="Top_Module_incremental_reuse_routed.rpt"/>
  <File Type="ROUTE-CLK" Name="Top_Module_clock_utilization_routed.rpt"/>
  <File Type="POSTROUTE-PHYSOPT-DCP" Name="Top_Module_postroute_physopt.dcp"/>
  <File Type="POSTROUTE-PHYSOPT-TIMING" Name="Top_Module_timing_summary_postroute_physopted.rpt"/>
  <File Type="POSTROUTE-PHYSOPT-TIMING-PB" Name="Top_Module_timing_summary_postroute_physopted.pb"/>
  <File Type="POSTROUTE-PHYSOPT-TIMING-RPX" Name="Top_Module_timing_summary_postroute_physopted.rpx"/>
  <File Type="BG-BIT" Name="Top_Module.bit"/>
  <File Type="BG-BIN" Name="Top_Module.bin"/>
  <File Type="BITSTR-MSK" Name="Top_Module.msk"/>
  <File Type="BITSTR-RBT" Name="Top_Module.rbt"/>
  <File Type="BITSTR-NKY" Name="Top_Module.nky"/>
  <File Type="BITSTR-BMM" Name="Top_Module_bd.bmm"/>
  <File Type="BITSTR-MMI" Name="Top_Module.mmi"/>
  <File Type="BITSTR-SYSDEF" Name="Top_Module.sysdef"/>
  <File Type="BG-BGN" Name="Top_Module.bgn"/>
  <File Type="BG-DRC" Name="Top_Module.drc"/>
  <File Type="WBT-USG" Name="usage_statistics_webtalk.html"/>
  <FileSet Name="sources" Type="DesignSrcs" RelSrcDir="$PSRCDIR/sources_1">
    <Filter Type="Srcs"/>
    <File Path="$PSRCDIR/sources_1/imports/Downloads/FRCB4R6IXGFN066 (1).v">
      <FileInfo>
        <Attr Name="ImportPath" Val="$PPRDIR/../../../../Downloads/FRCB4R6IXGFN066 (1).v"/>
        <Attr Name="ImportTime" Val="1566069828"/>
        <Attr Name="UsedIn" Val="synthesis"/>
        <Attr Name="UsedIn" Val="implementation"/>
        <Attr Name="UsedIn" Val="simulation"/>
      </FileInfo>
    </File>
    <File Path="$PSRCDIR/sources_1/imports/Downloads/F47YIERIXAQB97I.v">
      <FileInfo>
        <Attr Name="ImportPath" Val="$PPRDIR/../../../../Downloads/F47YIERIXAQB97I.v"/>
        <Attr Name="ImportTime" Val="1566070314"/>
        <Attr Name="UsedIn" Val="synthesis"/>
        <Attr Name="UsedIn" Val="implementation"/>
        <Attr Name="UsedIn" Val="simulation"/>
      </FileInfo>
    </File>
    <File Path="$PSRCDIR/sources_1/imports/Downloads/F9TQAJJIXAQB9B2 (1).v">
      <FileInfo>
        <Attr Name="ImportPath" Val="$PPRDIR/../../../../Downloads/F9TQAJJIXAQB9B2 (1).v"/>
        <Attr Name="ImportTime" Val="1566179582"/>
        <Attr Name="UsedIn" Val="synthesis"/>
        <Attr Name="UsedIn" Val="implementation"/>
        <Attr Name="UsedIn" Val="simulation"/>
      </FileInfo>
    </File>
    <Config>
      <Option Name="DesignMode" Val="RTL"/>
      <Option Name="TopModule" Val="Top_Module"/>
      <Option Name="TopAutoSet" Val="TRUE"/>
    </Config>
  </FileSet>
  <FileSet Name="constrs_in" Type="Constrs" RelSrcDir="$PSRCDIR/constrs_1">
    <Filter Type="Constrs"/>
    <File Path="$PSRCDIR/constrs_1/imports/new/pushbutton.xdc">
      <FileInfo>
        <Attr Name="ImportPath" Val="$PPRDIR/../Pushbutton.srcs/constrs_1/new/pushbutton.xdc"/>
        <Attr Name="ImportTime" Val="1566246993"/>
        <Attr Name="UsedIn" Val="synthesis"/>
        <Attr Name="UsedIn" Val="implementation"/>
      </FileInfo>
    </File>
    <Config>
      <Option Name="ConstrsType" Val="XDC"/>
    </Config>
  </FileSet>
  <Strategy Version="1" Minor="2">
    <StratHandle Name="Vivado Implementation Defaults" Flow="Vivado Implementation 2015">
      <Desc>Vivado Implementation Defaults</Desc>
    </StratHandle>
    <Step Id="init_design"/>
    <Step Id="opt_design"/>
    <Step Id="power_opt_design"/>
    <Step Id="place_design"/>
    <Step Id="post_place_power_opt_design"/>
    <Step Id="phys_opt_design"/>
    <Step Id="route_design"/>
    <Step Id="post_route_phys_opt_design"/>
    <Step Id="write_bitstream"/>
  </Strategy>
</GenRun>
